soberize,soberized
impersonalize,impersonalized
overage,overaged
barrage,barraged
institutionalise,institutionalised
cane,caned
defilade,defiladed
swive,swived
uncoordinate,uncoordinated
horde,horded
differentiate,differentiated
beslime,beslimed
concave,concaved
acylate,acylated
theatricalize,theatricalized
eclipse,eclipsed
gormanize,gormandized
scrape,scraped
snuggle,snuggled
dangle,dangled
leave,leaved
dimerize,dimerized
localize,localized
negate,negated
misjudge,misjudged
outprice,outpriced
fissure,fissured
affiliate,affiliated
nature,natured
catalyze,catalyzed
owe,owed
etiolate,etiolated
mire,mired
underprivilege,underprivileged
menace,menaced
enflame,enflamed
grime,grimed
fame,famed
plunge,plunged
cajole,cajoled
organize,organized
untinge,untinged
boldface,boldfaced
reimagine,reimagined
dare,dared
tangle,tangled
minimize,minimized
macadamize,macadamized
destine,destined
twine,twined
calve,calved
stockpile,stockpiled
profane,profaned
unsaddle,unsaddled
deave,deaved
wale,waled
mature,matured
guile,guiled
inoculate,inoculated
gunkhole,gunkholed
throne,throned
braise,braised
liberalise,liberalised
photolyze,photolyzed
gyre,gyred
queue,queued
alkylate,alkylated
snake,snaked
valorize,valorized
assure,assured
corelate,corelated
tinkle,tinkled
dibble,dibbled
shelve,shelved
bate,bated
diazotize,diazotized
motorise,motorised
tired,tired
shrieve,shrieved
rummage,rummaged
italianize,italianized
azotise,azotised
legate,legated
derive,derived
doze,dozed
slime,slimed
parasitise,parasitised
pixilate,pixilated
sacculate,sacculated
sufflate,sufflated
singe,singed
metricize,metricized
purge,purged
augure,augured
heckle,heckled
cape,caped
avulse,avulsed
fiberize,fiberized
obnubilate,obnubilated
curlicue,curlicued
exculpate,exculpated
germanize,germanized
arcuate,arcuated
kite,kited
regulate,regulated
adventure,adventured
fudge,fudged
windle,windled
fondle,fondled
tare,tared
sponge,sponged
masculinize,masculinized
harangue,harangued
copolymerize,copolymerized
#ed
divert,diverted
work,worked
refilter,refiltered
tutoy,tutoyed
moss,mossed
unheal,unhealed
unbutton,unbuttoned
adapt,adapted
ask,asked
dirl,dirled
patent,patented
pock,pocked
dick,dicked
deed,deeded
doil,doiled
cockbill,cockbilled
teat,teated
loiter,loitered
inurn,inurned
soldier,soldiered
soak,soaked
fever,fevered
lipstick,lipsticked
lung,lunged
reordain,reordained
morph,morphed
frown,frowned
need,needed
reavail,reavailed
renumber,renumbered
henna,hennaed
weevil,weeviled
audition,auditioned
ear,eared
wigwag,wigwagged
squash,squashed
flichter,flichtered
blind,blinded
ooh,oohed
antevert,anteverted
blush,blushed
inpour,inpoured
armour,armoured
pshaw,pshawed
reenter,reentered
dream,dreamed
blarney,blarneyed
yclep,ycleped 
climb,climbed
splint,splinted
report,reported
lawyer,lawyered
auction,auctioned
creak,creaked
croak,croaked
wist,wisted
finess,finessed
cuss,cussed
retailor,retailored
nonlead,nonleaded
disclaim,disclaimed
demount,demounted
attract,attracted
flench,flenched
unanswer,unanswered
monograph,monographed
unmew,unmewed
clank,clanked
devel,develed
wrack,wracked
unend,unended
engird,engirded
malfunction,malfunctioned
broil,broiled
persist,persisted
waver,wavered
knoll,knolled
fester,festered
comment,commented
begird,begirded
stereograph,stereographed
detick,deticked
chart,charted
sail,sailed
mill,milled
reharden,rehardened
paw,pawed
raven,ravened
quieten,quietened
dumbfounder,dumbfoundered
coy,coyed
resilver,resilvered
explain,explained
scoff,scoffed
premold,premolded
junket,junketed
herald,heralded
highball,highballed
gash,gashed
chequer,chequered
poop,pooped
sideburn,sideburned
dint,dinted
oppugn,oppugned
liven,livened
speel,speeled
fuzz,fuzzed
groan,groaned
shirk,shirked
hoodoo,hoodooed
backpedal,backpedaled
riprap,riprapped
cluck,clucked
gabell,gabelled
footfault,footfaulted
trellis,trellised
endeavour,endeavoured
romp,romped
kirn,kirned
mump,mumped
ensky,enskyed
offload,offloaded
mammer,mammered
wood,wooded
cooey,cooeyed
bemadam,bemadamed
flood,flooded
unfill,unfilled
benight,benighted
heliograph,heliographed
absorb,absorbed
flank,flanked
board,boarded
serif,serifed
dray,drayed
fang,fanged
roll,rolled
roof,roofed
chuck,chucked
#ied
cry,cried
muntiny,mutinied
transmogrify,transmogrified
trolly,trollied
hony,honied
dignify,dignified
imbody,imbodied
emulsify,emulsified
sally,sallied
stultify,stultified
rectify,rectified
pillory,pilloried
dolly,dollied
#**ed
clot,clotted
knar,knarred
sparkplug,sparkplugged
pig,pigged
empanel,empanelled
stab,stabbed
frit,fritted
strell,streeled
humbug,humbugged
sled,sledded
flub,flubbed
spiral,spiralled
drivel,drivelled
glut,glutted
den,denned
bit,bitted
yen,yenned
chir,chirred
mudcap,mudcapped
let,letted
fig,figged
unlevel,unlevelled
ham,hammed
nog,nogged
plan,planned
zig,zigged
gavot,gavotted
man,manned
#
interbed,interbed
bled,bled
#?
revegate,revegetated
arpegiate,arpeggiated