'fess,1
'low,1
'scuse,1
abandon,15
abide,8
abolish,8
abound,2
absent,2
absorb,14
abstain,1
abstract,3
abuse,3
accede,1
accelerate,5
accentuate,2
accept,78
acclaim,1
accommodate,16
accompanie,1
accompany,8
accomplish,23
accomplishe,1
accord,3
account,36
accrue,1
accumulate,5
accuse,12
ache,2
achieve,56
acknowledge,14
acquaint,3
acquiesce,3
acquire,29
act,85
activate,2
actuate,1
adapt,5
add,98
address,8
addresse,4
adduce,1
adhere,5
adjoin,2
adjourn,1
adjudicate,1
adjust,18
administer,4
admire,11
admit,39
adopt,15
adore,3
adorn,2
adsorb,1
advance,16
adventure,1
advertise,4
advise,10
advocate,4
aerate,2
affect,52
affirm,13
affix,1
afford,45
age,2
agglomerate,2
aggravate,2
agitate,1
agonize,2
agree,62
aid,28
aim,13
alarm,2
alert,6
alienate,3
alight,1
align,2
allay,1
allege,1
alleviate,5
allocate,2
allot,1
allow,91
allude,1
alter,16
alternate,1
amass,2
amaze,3
ambush,2
amend,2
amortize,2
amount,50
amplify,1
amuse,3
analyze,12
angle,1
annex,1
annihilate,1
announce,21
annoy,3
ansuh,1
answer,51
antagonize,1
anticipate,13
apologize,1
appeal,11
appear,201
appease,2
applaud,5
applie,19
apply,56
appoint,7
apportion,1
appraise,4
appreciate,27
apprehend,1
approach,15
approache,8
appropriate,2
approve,15
approximate,2
arbitrate,3
arch,1
arche,2
argue,39
arise,42
arm,1
arouse,7
arrange,11
arrest,6
arrive,31
arrogate,1
articulate,2
ascend,1
ascertain,7
ascribe,2
ask,140
aspire,4
assail,3
assault,1
assemble,8
assert,24
assess,6
assign,22
assimilate,2
assist,21
associate,11
assume,71
assure,43
astound,1
atone,1
attach,14
attache,2
attack,27
attain,21
attempt,31
attend,58
attest,2
attract,22
attribute,3
audition,1
augment,2
augur,1
authenticate,1
authorize,7
automate,1
autopsy,1
avail,3
avenge,2
average,5
avert,1
avoid,61
await,12
awake,1
awaken,8
award,3
back,26
backstitch,2
baffle,1
bag,1
bake,4
balance,8
balk,1
ban,2
bang,3
banish,4
banishe,1
bank,1
bankrupt,2
bar,5
barbecue,1
bare,1
bargain,1
barge,2
bargen,1
bark,1
barrel,1
barricade,1
base,7
bat,6
bathe,4
battle,3
bear,60
beat,28
beautify,1
beckon,4
become,339
becomet,1
befall,2
befit,1
befuddle,1
beg,12
beget,1
begin,139
begrudge,2
beguile,1
behave,15
behold,5
behoove,1
believe,243
believet,2
bellow,1
belong,59
belt,1
bemoan,2
bench,1
bend,13
benefit,21
beseech,1
beset,1
besiege,1
besmirch,1
bespeak,2
best,1
bestow,2
bet,13
betide,2
betray,7
better,6
bevel,2
bewail,1
beware,3
bewilder,1
bid,7
bide,1
bind,4
birdie,1
bite,9
black,1
blame,23
blanket,2
blast,3
blaze,3
blazon,1
bleed,2
blend,4
bless,9
blind,1
blink,4
blister,1
block,5
bloom,3
blossom,3
blot,2
blow,13
bludgeon,1
blueprint,1
blunt,3
blur,1
blush,1
board,5
boast,9
bode,1
bodie,1
bog,1
boil,8
bolster,2
bolt,2
bomb,3
boo,1
boobify,1
boomerang,1
boost,5
boot,3
border,2
bore,8
borrow,10
bother,25
bottle,1
bounce,4
bound,2
bow,4
box,2
boycott,1
brace,1
brag,1
branch,2
brave,2
break,74
breathe,9
breed,3
bribe,1
bridge,5
brighten,1
bring,197
bristle,2
broach,1
broaden,10
broil,1
bruise,1
brush,13
brynge,1
bubble,1
buckle,3
bud,2
budge,3
budget,2
buffet,1
bug,1
build,89
bulk,1
bulldoze,1
bulletin,1
bullie,1
bullshit,1
bully,1
bum,1
bump,4
bundle,1
bunt,1
burden,1
burie,1
burn,12
burne,1
burrow,1
burst,9
bury,5
bust,1
busy,1
butt,3
buy,79
buzz,1
by-passe,1
bye,1
bypass,2
cable,2
calculate,4
call,178
calm,6
camouflage,1
camp,1
campaign,5
can,2
cancel,8
canoe,1
canvass,1
cap,4
capitalize,4
capture,14
care,82
caress,1
caricature,1
carrie,22
carry,88
cart,1
carve,3
cascade,2
case,2
cash,2
cast,9
castigate,1
catapult,1
catch,39
catche,1
catchee,1
catechize,1
categorize,1
cater,3
cause,79
cauterize,1
caution,2
cavort,1
cease,18
celebrate,6
cement,1
censor,1
center,16
center-punch,2
certifie,1
certify,5
cf.,8
chafe,1
chalk,1
challenge,17
champion,2
chance,1
chandelle,1
change,86
channel,1
chant,1
char,1
characterize,10
charge,16
charm,2
chart,1
chase,4
chat,2
chatter,1
cheat,1
check,52
cheer,2
cheere,1
cherish,5
chew,2
chicken,1
chide,2
chin,2
chin-up,1
choke,9
choose,58
chop,1
christsake,1
chuck,3
chuckle,2
churn,1
cipher,1
circle,2
circulate,2
cite,16
claim,46
clamor,2
clap,1
clarifie,1
clarify,13
class,1
classify,6
clatter,1
clean,19
clear,15
clench,1
clenche,1
clerk,1
click,1
climax,1
climb,11
clinch,2
cling,9
clobber,2
clog,2
close,45
clot,1
clothe,1
cloud,1
cluck,1
cluster,5
clutch,1
clutche,1
co-operate,5
co-ordinate,2
coalesce,2
coat,1
coax,1
code,1
codetermine,1
coerce,2
coexist,1
cohere,1
coin,1
coincide,17
collaborate,2
collapse,2
collar,3
collect,21
color,8
com,1
combat,4
combine,22
come,566
comend,1
comest,1
comet,1
comfort,2
command,13
commemorate,3
commence,3
commend,8
comment,8
commiserate,1
commit,17
commune,1
communicate,13
communize,1
commute,12
compare,34
compass,1
compel,6
compensate,4
compete,24
compile,1
complain,14
complement,2
complete,24
complicate,2
comply,5
comport,1
compose,8
compound,3
comprehend,5
compress,2
compresse,1
comprise,14
compromise,3
compute,9
conceal,9
concede,9
conceive,16
concentrate,12
concern,26
conciliate,1
conclude,20
concur,7
condemn,7
condense,1
condition,1
conduct,23
confer,4
confess,11
confesse,3
confide,3
confine,2
confirm,19
conflict,4
conform,15
confront,13
confuse,6
congratulate,4
congregate,2
conjure,3
connect,5
connote,2
conquer,4
consent,1
conserve,4
consider,142
consign,2
consist,60
consolidate,2
conspire,2
constitute,40
construct,12
construe,1
consult,11
consume,3
contact,5
contain,83
contaminate,1
contemplate,8
contend,11
content,3
contest,2
continue,148
contract,10
contradict,6
contrast,7
contribute,54
contrive,1
control,33
converge,3
converse,3
convert,9
convey,17
convict,1
convince,4
cook,14
cool,9
cooperate,12
coordinate,8
cope,22
copy,2
core,2
corral,1
correct,12
correlate,3
correspond,13
corroborate,2
corrode,1
corrupt,2
cosponsor,1
cost,41
coste,1
cough,4
counsel,1
count,32
counter,2
counter-drill,1
counteract,4
counterattack,1
counterbalance,1
counterchallenge,1
court,3
cover,68
covet,1
crack,10
crackle,1
crane,1
crash,4
crave,2
crawl,9
creak,1
create,67
credit,4
creep,8
cremate,1
crie,1
criticize,4
crochet,1
crop,1
cross,25
crosse,3
crouch,2
crowd,2
crown,1
crumble,1
crush,1
cry,18
crystallize,1
culminate,7
cultivate,4
cumulate,1
cup,1
curb,1
cure,12
curl,2
curse,4
curtail,4
cushion,2
custom-make,1
cut,101
cycle,1
dabble,1
damage,7
damn,10
dampen,2
dance,19
dangle,1
dare,19
darn,2
dash,1
dashe,1
date,13
daunt,1
dawn,2
dazzle,2
de-iodinate,1
deal,55
debate,2
debut,1
decay,3
deceive,2
decelerate,1
decertify,1
decide,52
deck,1
declare,19
decline,11
decompose,3
decorate,2
decrease,17
decree,1
decry,2
dedicate,2
deduce,3
deduct,12
deed,2
deem,1
deepen,1
defeat,7
defend,23
defer,1
define,24
defraud,2
defray,2
defrost,1
defy,7
degrade,1
dehumanize,1
delay,9
delegate,4
delight,3
delimit,2
deliver,24
delivre,1
delude,2
demand,34
demean,1
democratize,3
demonstrate,34
demoralize,5
demythologize,2
denie,6
denote,11
denounce,6
deny,46
depart,8
depend,94
depict,3
deplore,4
deport,1
depose,1
deposit,1
depress,1
depresse,1
deprive,3
derive,22
derogate,1
descend,6
describe,63
desert,5
deserve,28
design,6
designate,4
desire,15
despair,1
despise,8
dessier,1
destroy,48
detach,1
detail,1
detain,1
detect,10
deter,1
deteriorate,2
determine,121
detest,1
detract,1
detribalize,1
devastate,1
develop,100
deviate,1
devise,8
devote,15
devour,2
diagnose,3
dice,1
dictate,7
die,66
differ,28
differentiate,2
diffuse,2
dig,10
dignify,1
digress,1
dilate,3
dimension,1
diminish,3
diminishe,3
dine,3
dip,2
direct,19
disable,1
disabuse,2
disaffiliate,1
disagree,9
disappear,14
disapprove,5
disarm,2
disassemble,1
disbelieve,2
discard,1
discern,4
discharge,3
discipline,2
disclose,10
discolor,1
disconcert,1
discontinue,2
discorporate,1
discount,4
discourage,9
discourse,1
discover,43
discriminate,1
discuss,28
discusse,4
disdain,2
disengage,1
disentangle,2
disguise,4
dishe,1
dishearten,2
disintegrate,2
dislike,10
dislodge,2
dismiss,5
dismisse,1
disown,1
dispatch,2
dispel,3
dispell,1
dispense,4
disperse,2
displace,4
display,18
dispose,5
disprove,3
dispute,4
disqualify,1
disregard,2
disrobe,1
disrupt,6
dissect,1
dissent,1
dissolve,5
dissuade,3
distil,1
distinguish,19
distinguishe,5
distort,4
distract,2
distribute,8
distrust,2
disturb,10
dive,3
divert,1
divest,1
divide,20
divorce,6
dock,2
document,2
dodge,4
dog,1
dole,1
dominate,15
donate,4
dot,2
double,6
double-glaze,1
doubt,16
dovetail,1
down,2
downgrade,1
draft,1
drag,10
drahve,1
drain,8
dramatize,5
draw,60
draw-file,2
dream,13
dress,14
drie,1
drift,4
drill,16
drink,28
drip,1
drive,51
droop,1
drop,42
drown,4
dry,15
drywall,1
duck,7
dull,1
dump,3
dunk,1
duplicate,2
dust,3
dwarf,3
dwell,9
dwindle,2
earn,17
ease,14
eat,60
ebb,2
echo,3
economize,3
edge,1
edit,2
educate,7
efface,1
effect,16
effecte,1
effectuate,2
effloresce,1
eject,1
elaborate,7
elapse,2
elect,8
elevate,1
elicit,4
eliminate,30
elude,1
emancipate,2
embark,5
embezzle,1
embodie,3
embody,1
embrace,11
emerge,27
emit,1
emphasize,23
employ,18
empower,1
emptie,3
emulate,3
enable,32
enact,7
encamp,1
enchant,1
encircle,1
enclose,1
encompass,4
encompasse,1
encounter,17
encourage,51
encroach,1
end,53
endanger,1
endeavor,1
endorse,6
endow,3
endure,10
energize,1
enforce,9
engage,15
engender,2
engulf,1
enhance,6
enjoin,1
enjoy,54
enlarge,7
enlighten,1
enlist,6
enrich,5
enroll,5
enslave,2
ensue,4
ensure,9
entail,13
enter,91
entertain,14
enthrone,1
entitle,9
entreat,1
entrust,2
enunciate,1
envisage,1
envision,5
envy,3
epitomize,2
equal,13
equalize,1
equate,7
equip,1
eradicate,2
erase,1
erect,6
err,1
erupt,3
escape,46
eschew,2
escort,4
espouse,1
establish,58
establishe,4
estimate,10
eulogize,1
evacuate,1
evade,2
evaluate,13
evaporate,1
even,28
eventuate,1
evidence,1
evoke,11
evolve,6
exacerbate,1
exact,2
exaggerate,8
exalt,1
examine,34
exasperate,1
exceed,28
excel,2
except,1
exchange,3
excite,3
exclaim,2
exclude,10
excoriate,1
excuse,7
execute,7
exemplifie,1
exemplify,2
exempt,1
exercise,27
exert,14
exhaust,3
exhibit,15
exist,101
exit,1
exonerate,2
exorcise,1
expand,15
expect,130
expel,2
expend,1
experience,23
experiment,7
expire,2
explain,82
explode,7
exploit,8
explore,13
export,2
expose,9
express,27
expresse,8
expunge,1
extemporize,1
extend,41
extenuate,1
exterminate,2
extinguish,1
extract,6
extrapolate,2
extricate,2
fabricate,1
face,63
facilitate,7
factor,1
fade,1
fail,50
fake,1
fall,85
falsify,2
falter,3
fan,6
fancie,1
fancy,3
farm,3
fascinate,4
fashion,4
fasten,5
father,1
fathom,3
fatten,1
favor,27
faze,1
fear,31
feather,1
feature,12
federalize,1
feed,52
feel,246
feint,1
fell,4
ferret,1
fetch,6
fete,1
fetishize,1
ffreind,1
field,3
figger,3
fight,46
figure,23
file,31
fill,54
film,1
filter,1
finance,18
find,455
fine,1
finger-paint,1
finish,24
finishe,1
fire,10
fishe,1
fit,48
fix,13
flag,3
flake,1
flame,4
flare,1
flash,6
flatten,1
flatter,1
flee,2
flex,1
flicker,1
flie,3
fling,2
flip,3
flirt,1
flng,1
float,4
flock,1
flog,1
flood,2
flop,1
flounder,2
flourish,4
flourishe,2
flow,17
flower,1
fluctuate,1
fluoresce,1
flurry,1
flush,1
fly,18
foam,1
focus,12
focuse,2
foil,2
fold,2
follow,172
followet,1
fool,5
forbid,9
force,30
forecast,2
forego,3
foresee,3
forestall,5
foretell,1
forfeit,2
forget,53
forgit,2
forgive,24
forgo,1
fork,1
form,56
formalize,2
formulate,9
forsake,2
forswear,1
fort,3
fortify,2
foster,6
foul,1
found,1
fracture,1
frame,4
fraternize,1
free,13
freeze,6
frequent,2
fret,1
frighten,11
frown,2
frustrate,4
fry,2
fuck,4
fuel,1
fulfill,11
fulminate,1
function,10
furnish,29
furnishe,5
further,8
fuse,2
fuss,2
gain,24
gallop,1
gamble,1
game,1
gang,2
garage,1
garden,1
garner,1
gas,1
gasp,1
gather,20
gay-ess,1
gaze,6
generalize,5
generate,12
gentle,1
germinate,2
gesture,1
get,806
gild,1
gird,1
git,4
give,501
givet,2
glamorize,1
glance,10
glare,1
glaze,2
gleam,1
glean,1
glide,3
glimpse,1
glisten,2
gloat,1
glorie,1
glorifie,1
glorify,1
glow,2
glue,1
gnaw,1
go,613
gobble,1
goddamn,2
goe,89
gouge,1
govern,9
grab,12
graduate,6
grant,13
grapple,1
grasp,10
gratify,1
graunt,1
graze,1
greet,7
grill,1
grimace,2
grin,1
grind,3
grip,1
grok,5
grope,1
ground,1
group,4
grovel,1
grow,83
grumble,5
grunt,1
guarantee,6
guard,8
guess,53
guide,21
gun,1
guy,1
guzzle,1
hail,2
halt,7
hammer,1
hamper,3
hand,8
handle,40
hang,30
happen,103
harass,1
harbor,4
harden,1
harm,1
harry,1
harvest,2
hasten,3
hatch,1
hate,36
haul,4
haunt,3
hawk,1
hazard,1
haze,1
head,15
heal,2
hear,160
heare,2
heares,1
heat,5
heave,2
heed,7
heighten,1
help,238
herd,2
hesitate,11
hibachi,1
hibernate,2
hide,19
hike,1
hinder,1
hinge,1
hint,3
hire,16
hit,44
hobble,1
hoist,1
hold,182
hole,1
home,1
homogenize,1
honeymoon,1
honor,14
hook,1
hoot,1
hop,1
hope,86
house,12
hover,5
howl,1
huckster,1
hug,2
hum,1
humanize,1
humble,1
humor,3
hunch,1
hunt,6
hurdle,1
hurl,3
hurry,18
hurt,18
hustle,2
hypothesize,1
identifie,6
identify,26
idle,1
idolize,1
ignite,2
ignore,24
illuminate,1
illumine,2
illustrate,24
imagine,64
imbibe,1
imitate,7
impair,4
impart,5
imperil,1
impersonate,1
impinge,3
implement,3
implie,16
implore,1
imply,13
import,4
impose,13
imprecate,1
impress,3
impresse,1
imprint,1
imprison,1
improve,50
improvise,3
impute,1
inactivate,2
incarnate,1
incise,1
incite,3
include,158
incorporate,5
increase,111
incur,6
index,1
indicate,120
induce,12
indulge,9
infect,1
infer,1
infest,1
inflame,1
inflate,1
inflict,4
influence,21
inform,13
infuriate,1
inhabit,1
inhere,1
inherit,5
inhibit,9
initiate,6
inject,6
innovate,1
inquire,6
insert,9
insinuate,1
insist,37
inspect,12
inspire,4
install,8
instigate,1
institute,1
instruct,5
insulate,2
insult,2
insure,25
integrate,9
intend,20
intensify,4
interact,3
intercede,1
intercept,3
interest,5
interfere,11
interpenetrate,3
interpret,14
interrupt,4
intersect,6
intervene,2
interview,2
intimidate,2
introduce,15
intrude,2
inure,2
invade,6
invalidate,2
inveigh,1
invent,7
inventory,1
invert,1
invest,4
investigate,12
invite,17
invoke,4
involve,72
iodinate,1
iron,1
irrigate,1
irritate,1
isolate,8
issue,17
itch,3
itche,1
jam,2
jeer,1
jeopardize,4
jerk,1
jog,1
join,65
joke,4
jolt,2
jostle,1
journey,1
judge,16
jump,16
junk,1
justify,26
kayo,1
keel,1
keep,276
key,1
keynote,3
kick,5
kid,2
kill,66
kiss,9
kisse,1
knead,1
kneel,6
knit,2
knock,12
knoe,1
knot,1
know,773
knowet,1
knuckle,2
label,2
labor,5
lacerate,1
lack,19
lag,3
lampoon,1
land,10
lap,2
lapse,3
lash,4
lasso,1
last,24
latch,1
latche,1
laugh,10
launch,7
launche,2
lay,53
laze,1
lead,112
lean,8
leap,9
learn,93
lease,4
leave,217
lecture,2
legislate,1
lend,17
lengthen,2
lessen,6
let,340
level,3
levy,3
liberate,4
license,1
lick,3
lie,94
lift,19
light,11
lighten,1
like,228
likee,1
limit,21
limp,1
line,5
linger,9
link,4
list,12
listen,52
live,183
load,3
lob,1
localize,1
locate,16
lock,2
lodge,2
long,4
look,371
looky,1
loom,2
loop,1
loose,3
loosen,4
lose,69
lounge,1
louse,2
love,70
lower,7
lug,1
lull,1
lunch,1
lunge,1
lure,3
lurk,2
magnifie,1
mail,5
maintain,76
major,1
make,959
maltreat,1
man,4
manage,24
maneuver,2
manifest,4
manipulate,6
manufacture,4
map,1
mar,4
march,10
marche,3
mark,32
market,1
marrie,3
marry,18
marshal,2
marvel,3
mask,1
masquerade,3
mass,3
massacre,1
massage,1
master,7
match,26
matche,4
mate,4
materialize,3
matriculate,2
matter,30
mature,7
maximize,5
mean,261
measure,31
meddle,1
meditate,1
meet,172
meld,1
melt,4
memorize,3
mend,2
mention,39
merge,12
merit,5
mesh,2
mess,2
mew,1
migrate,2
milk,2
mince,1
mind,38
mingle,3
minimize,17
mirror,4
misinterpret,2
mislead,1
misperceive,1
misrepresent,2
miss,20
misse,3
mistake,5
misunderstand,1
misuse,2
miter,1
mitigate,3
mix,11
moan,2
mobilize,2
mock,3
model,1
moderate,1
modernize,1
modifie,2
modify,6
moisten,2
mold,2
molest,1
mollify,2
monopolize,4
moon,1
mop,2
mother,1
motivate,4
motor,1
mould,1
mount,7
mourn,2
move,159
multiplie,2
multiply,9
munch,1
murder,4
murmur,1
mustard,1
muster,2
mutter,2
nab,1
name,22
narcotize,1
narrow,3
nationalize,1
navigate,1
near,4
necessitate,8
neck,2
need,219
negate,2
neglect,5
negotiate,10
nest,1
neutralize,1
nickname,1
nip,1
nod,4
nolle,1
nominate,3
normalize,1
nose,1
note,57
notice,29
notify,8
nourishe,1
nudge,1
nullify,1
number,3
nurture,2
obey,9
object,14
obliterate,2
obscure,7
observe,33
obsesse,2
obstruct,4
obtain,42
obtaine,1
obtrude,2
occupie,4
occupy,16
occur,70
offend,4
offer,111
officiate,1
offset,7
omit,3
ooze,1
open,71
operate,63
oppose,17
orate,1
orbit,1
ordain,2
order,18
organize,15
originate,8
ossify,1
oust,3
outclass,1
outdo,3
outface,2
outfox,1
outgrip,1
outgrow,4
outline,5
outnumber,2
outrage,1
outrun,3
outweigh,2
outwit,1
over-emphasize,1
over-produce,1
overburden,1
overcome,24
overeat,1
overestimate,1
overexpose,1
overfeed,1
overfill,1
overhaul,1
overheat,1
overlap,5
overload,2
overlook,8
overpower,1
overreach,2
overreache,1
override,1
overshadow,2
overshoot,1
overtake,3
overthrow,3
overwhelm,1
owe,15
own,35
pace,4
pacifie,1
pacify,2
pack,11
package,1
pad,1
paddle,1
page,1
paie,3
paint,23
pall,1
pamper,1
pan,1
panic,2
paper,1
parade,2
parallel,3
paralyze,3
pardon,4
pare,2
park,1
parley,1
part,3
partake,3
participate,29
party,1
pass,64
passe,16
paste,1
pat,1
patrol,2
patronize,1
pattern,1
pause,6
pave,2
paw,1
pay,147
peck,1
pedal,1
peddle,1
peel,3
peer,3
pen,1
penetrate,7
people,2
perceive,16
perch,1
perform,33
perish,2
perishe,1
perk,1
permeate,3
permit,91
perpetuate,5
perplex,1
persevere,1
persist,13
personifie,3
persuade,17
pertain,7
pervade,2
pester,1
petition,2
phone,7
photograph,5
phrase,1
pick,52
picture,3
piece,1
pile,4
pillage,2
pilot,2
pin,2
pinch,2
pinch-hit,1
pinpoint,3
pioneer,1
piss,1
pit,1
pitch,1
pity,1
place,82
plague,3
plan,40
plane,1
plank,1
plant,4
play,144
plead,6
please,49
pleasure,1
plod,1
plot,5
plow,3
pluck,1
plug,2
plunder,1
plunge,2
poach,1
poache,1
point,45
poison,1
poke,4
polarize,1
polish,4
ponder,1
pontificate,1
pool,3
pop,4
populate,1
portray,11
pose,10
position,4
possess,17
possesse,8
post,2
postpone,7
postulate,3
pound,2
pour,9
power,3
practice,13
prai,1
praise,5
pray,12
preach,8
preache,1
precede,4
preclude,4
predict,11
predominate,1
prefer,32
prefuh,1
prejudice,2
preoccupie,1
prepare,39
presage,1
prescribe,6
present,66
preserve,34
preside,3
press,27
presse,2
pressure,1
presume,6
presuppose,3
pretend,9
prevail,14
prevaile,1
prevayle,1
prevent,93
price,1
prick,1
pride,3
print,4
prize,1
probe,5
proceed,24
process,1
proclaim,17
procrastinate,1
procure,4
prod,1
produce,92
profess,5
professe,1
profit,4
program,5
progress,4
progresse,6
prohibit,3
project,16
prolong,2
promise,19
promote,36
prompt,4
pronounce,2
prop,2
propagate,1
propel,4
prophesie,1
propitiate,1
propose,20
prorate,1
proscribe,1
prosecute,2
prosper,4
prostitute,1
protect,38
protest,9
protrude,1
prove,69
provide,297
provoke,7
prowl,1
pry,6
publish,3
publishe,4
puff,2
pull,47
pulse,1
pump,1
punch,1
punish,3
punishe,1
pupate,1
purchase,13
purge,2
purify,2
purport,4
pursue,22
push,30
push-up,1
pushe,2
put,216
putt,1
puzzle,4
pyramid,1
quadruple,1
qualifie,2
qualify,15
quarrel,7
quell,2
quench,1
question,18
quibble,1
quicken,1
quickstep,1
quiet,2
quit,13
quote,19
race,4
rack,2
radiate,2
radio,1
raid,1
rain,3
raise,60
rake,2
rallie,1
rally,5
ram,1
ramble,3
ranche,1
range,15
rank,1
rankle,1
ransack,2
rape,3
rate,8
ratify,1
rationalize,5
rattle,1
re-activate,1
re-adopt,1
re-create,1
re-echo,1
re-emphasise,1
re-enforce,1
re-enter,5
re-establish,1
re-evaluate,1
re-examine,5
re-explore,1
re-set,1
re-use,1
reach,91
reache,21
react,16
read,104
readjust,2
ready,2
reaffirm,3
realize,72
reap,3
reappear,5
rear,3
rearrange,3
reason,4
reassemble,3
reassert,1
reassign,1
reassure,1
reawaken,1
rebel,4
rebound,1
rebuild,6
rebuke,2
rebut,6
recall,47
recapitulate,1
recapture,3
receave,1
recede,3
receive,96
recess,1
recheck,1
reciprocate,1
recite,2
reckon,8
reclaim,2
recognize,72
recoil,1
recollect,1
recommence,1
recommend,27
reconcile,5
reconsider,4
reconstruct,7
reconvene,1
record,15
recount,5
recover,12
recreate,2
recruit,9
recur,2
rededicate,1
redeem,2
redirect,1
rediscover,1
redo,1
redress,1
reduce,69
reek,1
reenact,2
reestablish,1
reexamine,1
refashion,1
refer,45
refill,3
refinance,1
refine,3
reflect,48
reform,3
refrain,6
refresh,1
refuel,2
refuse,20
refute,1
regain,2
regard,41
regenerate,1
register,9
regret,7
regulate,2
rehash,1
rehearse,1
reign,2
reimburse,2
reinforce,13
reinstall,1
reinterpret,1
reintroduce,1
reiterate,2
reject,21
rejoice,2
rejoin,2
relate,15
relax,19
relaxe,3
relearn,1
release,11
relie,4
relieve,15
relinquish,6
relish,3
relive,3
rely,13
remain,164
remake,2
remark,9
remarry,1
remedy,3
remember,151
remind,23
reminisce,1
remonstrate,1
remove,63
rend,1
render,13
renew,5
rent,12
reopen,1
reorder,1
reorganize,1
repair,5
repay,7
repeat,27
repel,9
repent,3
replace,36
replenish,4
replie,2
reply,14
report,50
represent,77
repress,1
reproach,1
reproache,1
reproduce,10
repudiate,1
request,9
require,141
reread,3
rescind,2
rescue,6
resemble,17
resent,8
reserve,8
reshape,1
reside,6
resign,3
resist,23
resolve,13
resort,6
resound,1
respect,8
respond,28
rest,41
restate,1
restock,1
restore,9
restrain,11
restrict,13
result,64
resume,10
retail,1
retain,20
retaliate,1
retard,3
retch,1
retell,1
rethink,2
retire,11
retort,2
retreat,3
retrieve,2
retrograde,1
return,82
reunite,1
reveal,50
revel,1
reverence,1
reverse,13
revert,3
review,13
revise,5
revitalize,1
revive,8
revolve,2
reward,2
rewrite,3
rhyme,1
rid,3
ride,36
ridicule,3
riffle,1
rig,1
ring,8
rinse,1
rip,5
ripple,1
rise,65
risk,11
rival,2
rivet,1
roam,6
roar,2
roast,2
rob,3
rock,4
role-experiment,1
roll,20
romanticize,2
room,1
root,3
rot,5
rotate,4
rough,1
round,6
rouse,2
rove,1
row,3
rub,4
ruffle,1
ruin,5
rule,10
rumble,1
run,141
rush,3
rushe,2
rust,1
rustle,2
sacrifice,10
saddle,1
safeguard,2
sag,4
sail,6
sait,4
salivate,1
salute,1
salvage,2
sample,1
sanction,6
sap,1
satiate,1
satirize,1
satisfie,3
satisfy,16
sauce,1
saute,1
save,57
savvy,1
saw,9
say,679
scald,1
scale,2
scan,4
scare,2
scarify,1
scatter,1
schedule,2
school,4
scoop,1
score,16
scour,1
scout,1
scrape,3
scratch,3
scream,7
screen,5
screw,1
scribe,3
scrub,6
scuff,1
sea,2
seal,4
sear,2
search,8
searche,2
seat,1
secede,10
seclude,1
secure,16
see,806
seek,78
seem,488
seep,2
segregate,1
seize,5
select,23
sell,52
selle,1
send,77
sense,13
sentimentalize,1
separate,17
serve,144
service,5
set,106
settle,25
sever,3
sew,4
shade,2
shadow,2
shake,19
shame,1
shape,10
share,44
sharpen,1
shatter,3
shave,6
shear,2
shed,5
shelter,1
shepherd,1
shie,1
shield,2
shift,17
shim,1
shimmy,2
shine,6
ship,6
shiver,2
shock,3
shoot,26
shop,7
shore,1
shorten,4
shoulder,1
shout,8
shove,2
show,274
shower,2
shred,2
shriek,1
shrink,7
shu-tt,1
shudder,5
shuffle,1
shun,3
shut,16
shute,1
shy,2
side-step,1
sidestep,1
sidle,1
sigh,1
sight,1
sign,20
signal,5
signalize,1
signifie,1
signify,2
silence,1
simmer,5
simplifie,2
simplify,9
simulate,4
sin,2
sing,36
single,1
single-foot,1
sink,11
sit,72
size,2
sizzle,1
skate,1
sketch,1
sketche,2
skin,1
skindive,1
skip,5
skirt,3
skulk,1
slant,1
slap,3
slash,3
sleep,32
slice,3
slide,8
slip,8
slit,2
slop,1
slouche,1
slow,8
slug,2
slump,3
smack,5
smash,2
smell,16
smile,13
smirk,1
smoke,9
smolder,1
smooth,6
smuggle,1
snag,3
snap,11
snatch,4
snatche,1
sneak,2
sneer,1
sniff,2
snoop,1
snort,2
snow,2
snowball,1
soak,7
socialize,2
sock,1
soften,5
soil,2
solace,1
solder,3
solicit,2
solidifie,1
solo,2
solve,20
soothe,2
sort,5
sound,45
sour,2
sow,3
space,1
spade,1
span,7
spare,9
spark,4
sparkle,1
spat,1
speak,127
spear,2
spearhead,1
specialize,4
specifie,4
specify,11
speculate,7
speed,6
spell,7
spend,61
spice,2
spie,1
spike,1
spill,3
spin,4
spiral,1
spit,6
splashe,1
splinter,1
split,3
spoil,3
sponge,2
sponsor,10
sport,1
spot,4
spotlight,1
sprawl,2
spray,2
spread,36
spring,7
sprinkle,5
sprout,1
spur,3
spurn,1
sputter,1
spy,1
square,9
squat,1
squawk,1
squeeze,8
squirm,1
stabilize,3
staff,2
stage,2
stagger,2
stain,3
stake,3
stamp,5
stampede,2
stand,156
standet,1
stare,9
start,123
startle,1
starve,1
state,37
stave,2
stay,100
steady,1
steal,6
steer,3
stem,19
step,21
sterilize,1
stick,19
sticle,1
stiffen,2
stifle,2
still,2
stimulate,7
sting,2
stink,1
stipulate,4
stir,10
stock,2
stooooomp,1
stoop,3
stop,96
store,7
storm,1
straggle,2
straighten,8
strain,1
strap,1
stratify,1
stray,4
stream,2
strengthen,20
stress,11
stresse,4
stretch,7
stretche,4
stride,4
strike,30
string,1
strip,5
strive,10
stroke,1
structure,1
struggle,8
studie,1
study,40
stuff,3
stumble,2
stunt,1
subdue,3
subject,2
subjugate,1
sublimate,1
submit,21
subordinate,1
subscribe,1
subside,2
subsidize,4
subsist,1
substantiate,3
substitute,5
subtend,1
subtract,2
succeed,22
succumb,1
suck,4
sue,13
suffer,38
suffice,5
suffuse,1
suggest,83
suit,9
sum,3
summarize,3
summate,2
summon,3
sun,1
sunder,1
sup,1
superimpose,5
superintend,1
supervise,7
supplant,3
supplement,7
supplie,11
supply,43
support,62
suppose,98
suppress,6
surfeit,1
surge,1
surmise,1
surmount,1
surpass,1
surprise,5
surrender,7
surround,5
survey,4
survive,34
suspect,24
suspend,3
sustain,15
swallow,5
swap,2
swarm,1
sway,1
swear,12
sweat,1
sweep,7
swell,3
swerve,1
swim,10
swing,11
switch,5
switche,1
swivel,2
swoop,1
symbolize,12
sympathize,7
synchronize,1
synthesize,2
table,1
tabulate,1
tack-solder,2
tackle,4
tailor-make,1
take,690
talk,117
tally,2
tame,1
tamp,1
tamper,1
tangle,1
tap,10
taper,1
tarry,1
taste,9
tat,1
taunt,1
tax,5
teach,41
teache,11
tear,9
tease,4
teem,1
telegraph,1
telephone,3
telescope,1
tell,296
temporize,1
tempt,3
tend,77
term,6
terminate,13
terrifie,2
test,19
testifie,3
testify,8
thank,35
thaw,3
theorize,2
thicken,2
thin,2
think,456
thinke,2
thrash,1
thread,2
threaten,16
thrill,1
thrive,2
throng,1
throw,40
thrust,4
thud,1
thump,1
thunder,2
thwart,2
thynke,1
tick,2
tide,1
tie,11
tighten,3
till,1
tilt,4
time,2
tip,2
tipple,1
tire,3
titter,1
toast,5
toe,2
tolerate,4
toll,1
tone,1
top,4
topple,1
torture,1
toss,6
total,9
tote,1
touch,32
touche,5
tour,1
tower,1
toy,1
trace,8
track,2
trade,14
trail,2
train,11
trammel,1
trample,3
transact,3
transcend,7
transcribe,1
transfer,7
transform,10
translate,16
transmit,4
transplant,2
transport,4
trap,1
travel,29
traverse,2
travesty,1
tread,2
treat,36
tremble,11
trie,8
trigger,1
trim,11
trip,1
triumph,1
trot,6
trouble,4
truck,1
trump,1
trumpet,1
trust,25
trustet,2
try,136
tuck,1
tug,1
tumble,1
tune,2
tunnel,1
turn,173
turne,1
twist,5
type,2
typify,1
tyrannize,1
uncap,1
uncover,4
underestimate,4
undergo,8
undergoe,2
underlie,3
underline,2
undermine,8
underpin,1
underrate,1
underscore,1
understand,143
understate,1
undertake,16
underwrite,3
undo,3
unearth,1
unfold,6
unhook,1
unifie,3
unify,2
unite,11
universalize,1
unleash,1
unload,8
unlock,5
unpack,1
unravel,1
unscramble,1
unscrew,1
unsee,1
unsheathe,1
unsolder,1
unteach,1
unthaw,1
untie,2
unwire,1
update,1
upgrade,3
uphold,7
upset,4
urge,19
use,260
usher,1
usurp,1
utilize,14
utter,3
uttuh,1
vacate,1
vacation,1
validate,2
value,4
vanish,5
vanishe,1
varie,11
vary,34
veer,3
vent,2
ventilate,1
venture,6
verify,5
vest,1
veto,1
vex,1
vexe,1
victimize,1
vie,1
view,20
vindicate,1
violate,9
visit,51
visualize,4
vitiate,1
vivify,1
vocalize,1
void,1
volunteer,4
vote,29
vouchsafe,1
vow,1
wade,2
wage,3
wager,2
wait,83
waive,1
wake,17
walk,73
wall,2
wallow,1
wander,9
want,382
war,1
warm,4
warn,14
warrant,11
wash,10
waste,8
watch,53
watche,1
water,1
wave,2
waver,2
wax,1
weaken,8
wear,37
weatherstrip,1
weave,2
wed,1
weed,1
weep,13
weigh,8
weight,1
welcome,16
weld,1
well,4
wet,3
while,2
whimper,1
whine,2
whip,5
whirl,2
whisper,4
whistle,1
whiten,1
widen,6
wield,1
will,1
wilt,1
win,58
wind,10
wing,1
wink,3
winnow,1
wipe,10
wish,87
wishe,13
withdraw,8
wither,2
withhold,2
withstand,4
witness,9
wobble,3
woman,1
wonder,40
wonduh,1
woo,3
woolgather,1
wop,2
work,213
worrie,5
worry,43
worsen,1
worship,5
wound,2
wrap,5
wreak,1
wreck,2
wrenche,1
wrest,1
wrestle,2
wring,3
write,146
writhe,2
wynne,1
yank,1
yawn,1
yearn,1
yell,3
yellow,1
yield,21
zip,1
zoom,1
